id,date,time,latitude,longitude
C30011,10-03-2014,00:00:10,-22.951017,-43.348236
C30011,10-03-2014,00:01:10,-22.951017,-43.348236
C30011,10-03-2014,00:02:10,-22.951017,-43.348236
C30011,10-03-2014,00:03:10,-22.951017,-43.348236
C30011,10-03-2014,00:04:10,-22.951017,-43.348236
C30011,10-03-2014,00:05:10,-22.951847,-43.347847
C30011,10-03-2014,00:06:10,-22.951847,-43.347847
C30011,10-03-2014,00:06:30,-22.952141,-43.348007
C30011,10-03-2014,00:08:00,-22.951275,-43.348396
C30011,10-03-2014,00:09:00,-22.951275,-43.348396
C30011,10-03-2014,00:10:00,-22.951275,-43.348396
C30011,10-03-2014,00:11:00,-22.951275,-43.348396
C30011,10-03-2014,00:12:00,-22.951275,-43.348396
C30011,10-03-2014,00:13:00,-22.951275,-43.348396
C30011,10-03-2014,00:14:00,-22.951275,-43.348396
C30011,10-03-2014,00:15:00,-22.951275,-43.348396
C30011,10-03-2014,00:16:00,-22.951275,-43.348396
C30011,10-03-2014,00:17:00,-22.951275,-43.348396
C30011,10-03-2014,00:18:00,-22.951275,-43.348396
C30011,10-03-2014,00:19:00,-22.951275,-43.348396
C30011,10-03-2014,00:20:00,-22.951275,-43.348396
C30011,10-03-2014,00:21:00,-22.951275,-43.348396
C30011,10-03-2014,00:22:00,-22.951275,-43.348396
C30011,10-03-2014,00:23:00,-22.951275,-43.348396
C30011,10-03-2014,00:24:00,-22.951275,-43.348396
C30011,10-03-2014,00:25:00,-22.951254,-43.34832
C30011,10-03-2014,00:26:00,-22.951254,-43.34832
C30011,10-03-2014,00:27:00,-22.951254,-43.34832
C30011,10-03-2014,00:28:00,-22.951254,-43.34832
C30011,10-03-2014,00:29:00,-22.951254,-43.34832
C30011,10-03-2014,00:30:00,-22.951254,-43.34832
C30011,10-03-2014,00:30:59,-22.951254,-43.34832
C30011,10-03-2014,00:31:59,-22.951254,-43.34832
C30011,10-03-2014,00:32:59,-22.951254,-43.34832
C30011,10-03-2014,00:33:59,-22.951254,-43.34832
C30011,10-03-2014,00:34:59,-22.951254,-43.34832
C30011,10-03-2014,00:35:59,-22.951254,-43.34832
C30011,10-03-2014,00:36:29,-22.951254,-43.34832
C30011,10-03-2014,00:37:59,-22.951254,-43.34832
C30011,10-03-2014,00:38:59,-22.951254,-43.34832
C30011,10-03-2014,00:39:59,-22.951254,-43.34832
C30011,10-03-2014,00:41:09,-22.951254,-43.34832
C30011,10-03-2014,00:41:59,-22.951254,-43.34832
C30011,10-03-2014,00:43:09,-22.951254,-43.34832
C30011,10-03-2014,00:44:09,-22.951254,-43.34832
C30011,10-03-2014,00:45:09,-22.951254,-43.34832
C30011,10-03-2014,00:46:09,-22.951254,-43.34832
C30011,10-03-2014,00:47:09,-22.951254,-43.34832
C30011,10-03-2014,00:48:09,-22.951254,-43.34832
C30011,10-03-2014,00:49:09,-22.951254,-43.34832
C30011,10-03-2014,00:50:10,-22.951254,-43.34832
C30011,10-03-2014,00:51:10,-22.951254,-43.34832
C30011,10-03-2014,00:52:10,-22.951254,-43.34832
C30011,10-03-2014,00:53:10,-22.951254,-43.34832
C30011,10-03-2014,00:54:10,-22.951254,-43.34832
C30011,10-03-2014,00:55:10,-22.951254,-43.34832
C30011,10-03-2014,00:56:10,-22.951254,-43.34832
C30011,10-03-2014,00:57:10,-22.951254,-43.34832
C30011,10-03-2014,00:58:10,-22.951254,-43.34832
C30011,10-03-2014,00:59:10,-22.951254,-43.34832
C30011,10-03-2014,01:00:00,-22.951254,-43.34832
C30011,10-03-2014,01:01:10,-22.951254,-43.34832
C30011,10-03-2014,01:02:10,-22.951254,-43.34832
C30011,10-03-2014,01:03:10,-22.951254,-43.34832
C30011,10-03-2014,01:04:10,-22.951254,-43.34832
C30011,10-03-2014,01:05:10,-22.951254,-43.34832
C30011,10-03-2014,01:07:10,-22.951254,-43.34832
C30011,10-03-2014,01:08:10,-22.951254,-43.34832
C30011,10-03-2014,01:09:09,-22.951254,-43.34832
C30011,10-03-2014,01:10:09,-22.951254,-43.34832
C30011,10-03-2014,01:11:09,-22.951254,-43.34832
C30011,10-03-2014,01:12:09,-22.951254,-43.34832
C30011,10-03-2014,01:13:09,-22.951254,-43.34832
C30011,10-03-2014,01:14:09,-22.951254,-43.34832
C30011,10-03-2014,01:15:09,-22.951254,-43.34832
C30011,10-03-2014,01:16:08,-22.951254,-43.34832
C30011,10-03-2014,01:17:09,-22.951254,-43.34832
C30011,10-03-2014,01:18:09,-22.951254,-43.34832
C30011,10-03-2014,01:19:09,-22.951254,-43.34832
C30011,10-03-2014,01:20:10,-22.951254,-43.34832
C30011,10-03-2014,01:21:10,-22.951254,-43.34832
C30011,10-03-2014,01:24:10,-22.951254,-43.34832
C30011,10-03-2014,01:25:10,-22.951254,-43.34832
C30011,10-03-2014,01:26:10,-22.951254,-43.34832
C30011,10-03-2014,01:27:10,-22.951254,-43.34832
C30011,10-03-2014,01:28:10,-22.951254,-43.34832
C30011,10-03-2014,01:29:10,-22.951254,-43.34832
C30011,10-03-2014,01:30:10,-22.951254,-43.34832
C30011,10-03-2014,01:31:10,-22.951254,-43.34832
C30011,10-03-2014,01:32:10,-22.951254,-43.34832
C30011,10-03-2014,01:33:10,-22.951254,-43.34832
C30011,10-03-2014,01:34:10,-22.951254,-43.34832
C30011,10-03-2014,01:35:10,-22.951254,-43.34832
C30011,10-03-2014,01:36:10,-22.951254,-43.34832
C30011,10-03-2014,01:37:10,-22.951254,-43.34832
C30011,10-03-2014,01:38:10,-22.951254,-43.34832
C30011,10-03-2014,01:39:10,-22.951254,-43.34832
C30011,10-03-2014,01:40:10,-22.951254,-43.34832
C30011,10-03-2014,01:41:09,-22.951254,-43.34832
C30011,10-03-2014,01:42:10,-22.951254,-43.34832
C30011,10-03-2014,01:43:10,-22.951254,-43.34832
C30011,10-03-2014,01:44:10,-22.951254,-43.34832
C30011,10-03-2014,01:45:10,-22.951254,-43.34832
C30011,10-03-2014,01:46:10,-22.951254,-43.34832
C30011,10-03-2014,01:47:10,-22.951254,-43.34832
C30011,10-03-2014,01:48:10,-22.951254,-43.34832
C30011,10-03-2014,01:49:10,-22.951254,-43.34832
C30011,10-03-2014,01:50:10,-22.951254,-43.34832
C30011,10-03-2014,01:51:10,-22.951254,-43.34832
C30011,10-03-2014,01:52:10,-22.951254,-43.34832
C30011,10-03-2014,01:53:10,-22.951254,-43.34832
C30011,10-03-2014,01:54:10,-22.951254,-43.34832
C30011,10-03-2014,01:55:10,-22.951254,-43.34832
C30011,10-03-2014,01:56:09,-22.951254,-43.34832
C30011,10-03-2014,01:57:10,-22.951254,-43.34832
C30011,10-03-2014,01:58:10,-22.951254,-43.34832
C30011,10-03-2014,01:59:10,-22.951254,-43.34832
C30011,10-03-2014,02:00:10,-22.951254,-43.34832
C30011,10-03-2014,02:01:09,-22.951254,-43.34832
C30011,10-03-2014,02:02:09,-22.951254,-43.34832
C30011,10-03-2014,02:03:09,-22.951254,-43.34832
C30011,10-03-2014,02:04:09,-22.951254,-43.34832
C30011,10-03-2014,02:05:09,-22.951254,-43.34832
C30011,10-03-2014,02:06:09,-22.951254,-43.34832
C30011,10-03-2014,02:08:10,-22.951254,-43.34832
C30011,10-03-2014,02:09:10,-22.951254,-43.34832
C30011,10-03-2014,02:10:09,-22.951254,-43.34832
C30011,10-03-2014,02:11:09,-22.951254,-43.34832
C30011,10-03-2014,02:12:09,-22.951254,-43.34832
C30011,10-03-2014,02:13:09,-22.951254,-43.34832
C30011,10-03-2014,02:14:09,-22.951254,-43.34832
C30011,10-03-2014,02:15:10,-22.951254,-43.34832
C30011,10-03-2014,02:16:09,-22.951254,-43.34832
C30011,10-03-2014,02:17:09,-22.951254,-43.34832
C30011,10-03-2014,02:18:09,-22.951254,-43.34832
C30011,10-03-2014,02:19:09,-22.951254,-43.34832
C30011,10-03-2014,02:19:39,-22.951254,-43.34832
C30011,10-03-2014,02:21:09,-22.951254,-43.34832
C30011,10-03-2014,02:22:59,-22.951254,-43.34832
C30011,10-03-2014,02:25:09,-22.951254,-43.34832
C30011,10-03-2014,02:26:09,-22.951254,-43.34832
C30011,10-03-2014,02:27:09,-22.951254,-43.34832
C30011,10-03-2014,02:28:09,-22.951254,-43.34832
C30011,10-03-2014,02:29:09,-22.951254,-43.34832
C30011,10-03-2014,02:30:09,-22.951254,-43.34832
C30011,10-03-2014,02:31:09,-22.951254,-43.34832
C30011,10-03-2014,02:32:09,-22.951254,-43.34832
C30011,10-03-2014,02:33:09,-22.951254,-43.34832
C30011,10-03-2014,02:34:09,-22.951254,-43.34832
C30011,10-03-2014,02:35:09,-22.951254,-43.34832
C30011,10-03-2014,02:36:09,-22.951254,-43.34832
C30011,10-03-2014,02:37:09,-22.951254,-43.34832
C30011,10-03-2014,02:38:09,-22.951254,-43.34832
C30011,10-03-2014,02:39:09,-22.951254,-43.34832
C30011,10-03-2014,02:40:09,-22.951254,-43.34832
C30011,10-03-2014,02:41:09,-22.951254,-43.34832
C30011,10-03-2014,02:42:09,-22.951254,-43.34832
C30011,10-03-2014,02:43:09,-22.951254,-43.34832
C30011,10-03-2014,02:44:09,-22.951254,-43.34832
C30011,10-03-2014,02:45:09,-22.951254,-43.34832
C30011,10-03-2014,02:46:09,-22.951254,-43.34832
C30011,10-03-2014,02:47:09,-22.951254,-43.34832
C30011,10-03-2014,02:48:09,-22.951254,-43.34832
C30011,10-03-2014,02:49:09,-22.951254,-43.34832
C30011,10-03-2014,02:50:09,-22.951254,-43.34832
C30011,10-03-2014,02:51:09,-22.951254,-43.34832
C30011,10-03-2014,02:52:09,-22.951254,-43.34832
C30011,10-03-2014,02:53:09,-22.951254,-43.34832
C30011,10-03-2014,02:54:09,-22.951254,-43.34832
C30011,10-03-2014,02:55:09,-22.951254,-43.34832
C30011,10-03-2014,02:56:09,-22.951254,-43.34832
C30011,10-03-2014,02:57:09,-22.951254,-43.34832
C30011,10-03-2014,02:58:09,-22.951254,-43.34832
C30011,10-03-2014,03:00:09,-22.951254,-43.34832
C30011,10-03-2014,03:01:09,-22.951254,-43.34832
C30011,10-03-2014,03:02:09,-22.951254,-43.34832
C30011,10-03-2014,03:03:09,-22.951254,-43.34832
C30011,10-03-2014,03:04:09,-22.951254,-43.34832
C30011,10-03-2014,03:05:09,-22.951254,-43.34832
C30011,10-03-2014,03:06:09,-22.951254,-43.34832
C30011,10-03-2014,03:07:09,-22.951254,-43.34832
C30011,10-03-2014,03:09:09,-22.951254,-43.34832
C30011,10-03-2014,03:10:09,-22.951254,-43.34832
C30011,10-03-2014,03:11:09,-22.951254,-43.34832
C30011,10-03-2014,03:12:09,-22.951254,-43.34832
C30011,10-03-2014,03:13:09,-22.951254,-43.34832
C30011,10-03-2014,03:15:09,-22.951254,-43.34832
C30011,10-03-2014,03:16:09,-22.951254,-43.34832
C30011,10-03-2014,03:17:09,-22.951254,-43.34832
C30011,10-03-2014,03:18:09,-22.951254,-43.34832
C30011,10-03-2014,03:19:09,-22.951254,-43.34832
C30011,10-03-2014,03:20:09,-22.951254,-43.34832
C30011,10-03-2014,03:21:09,-22.951254,-43.34832
C30011,10-03-2014,03:22:09,-22.951254,-43.34832
C30011,10-03-2014,03:23:09,-22.951254,-43.34832
C30011,10-03-2014,03:24:10,-22.951254,-43.34832
C30011,10-03-2014,03:26:10,-22.951254,-43.34832
C30011,10-03-2014,03:27:10,-22.951254,-43.34832
C30011,10-03-2014,03:28:10,-22.951254,-43.34832
C30011,10-03-2014,03:29:10,-22.951254,-43.34832
C30011,10-03-2014,03:30:09,-22.951254,-43.34832
C30011,10-03-2014,03:30:40,-22.951254,-43.34832
C30011,10-03-2014,03:33:09,-22.951254,-43.34832
C30011,10-03-2014,03:34:09,-22.951254,-43.34832
C30011,10-03-2014,03:35:10,-22.951254,-43.34832
C30011,10-03-2014,03:36:09,-22.950756,-43.348415
C30011,10-03-2014,03:37:12,-22.950783,-43.348454
C30011,10-03-2014,03:38:12,-22.950783,-43.348454
C30011,10-03-2014,03:39:12,-22.950783,-43.348454
C30011,10-03-2014,03:40:12,-22.950783,-43.348454
C30011,10-03-2014,03:41:12,-22.950783,-43.348454
C30011,10-03-2014,03:42:11,-22.950783,-43.348454
C30011,10-03-2014,03:44:11,-22.950783,-43.348454
C30011,10-03-2014,03:45:11,-22.950783,-43.348454
C30011,10-03-2014,03:46:11,-22.950783,-43.348454
C30011,10-03-2014,03:47:11,-22.949223,-43.34832
C30011,10-03-2014,03:48:12,-22.943808,-43.345997
C30011,10-03-2014,03:49:12,-22.939091,-43.34428
C30011,10-03-2014,03:50:12,-22.93714,-43.350792
C30011,10-03-2014,03:52:42,-22.924875,-43.360287
C30011,10-03-2014,03:54:12,-22.916525,-43.361599
C30011,10-03-2014,03:56:12,-22.915918,-43.361416
C30011,10-03-2014,03:58:12,-22.915918,-43.361416
C30011,10-03-2014,03:59:12,-22.915918,-43.361416
C30011,10-03-2014,03:59:42,-22.915918,-43.361416
C30011,10-03-2014,04:01:12,-22.915918,-43.361416
C30011,10-03-2014,04:02:12,-22.914726,-43.360989
C30011,10-03-2014,04:03:12,-22.9177,-43.361183
C30011,10-03-2014,04:03:42,-22.920542,-43.360313
C30011,10-03-2014,04:05:12,-22.927429,-43.359768
C30011,10-03-2014,04:06:12,-22.928797,-43.354771
C30011,10-03-2014,04:07:12,-22.935585,-43.352406
C30011,10-03-2014,04:08:02,-22.936874,-43.351212
C30011,10-03-2014,04:08:42,-22.938667,-43.3493
C30011,10-03-2014,04:10:12,-22.940435,-43.343697
C30011,10-03-2014,04:11:12,-22.944958,-43.346466
C30011,10-03-2014,04:13:12,-22.952669,-43.352745
C30011,10-03-2014,04:14:12,-22.953432,-43.355946
C30011,10-03-2014,04:15:12,-22.957483,-43.357082
C30011,10-03-2014,04:17:13,-22.963659,-43.357361
C30011,10-03-2014,04:18:12,-22.96537,-43.357273
C30011,10-03-2014,04:19:12,-22.972614,-43.362919
C30011,10-03-2014,04:20:12,-22.980782,-43.366009
C30011,10-03-2014,04:21:12,-22.990391,-43.366146
C30011,10-03-2014,04:23:12,-23.001999,-43.364643
C30011,10-03-2014,04:25:12,-23.001226,-43.365364
C30011,10-03-2014,04:26:12,-23.001226,-43.365364
C30011,10-03-2014,04:27:12,-23.001226,-43.365364
C30011,10-03-2014,04:28:12,-23.001213,-43.366352
C30011,10-03-2014,04:29:13,-23.001488,-43.367985
C30011,10-03-2014,04:30:12,-22.999819,-43.362877
C30011,10-03-2014,04:31:12,-22.992247,-43.365501
C30011,10-03-2014,04:31:42,-22.98772,-43.365414
C30011,10-03-2014,04:33:12,-22.978092,-43.364681
C30011,10-03-2014,04:35:12,-22.964251,-43.356945
C30011,10-03-2014,04:36:13,-22.961361,-43.357159
C30011,10-03-2014,04:36:43,-22.959276,-43.357273
C30011,10-03-2014,04:38:13,-22.952925,-43.354584
C30011,10-03-2014,04:39:13,-22.952642,-43.351757
C30011,10-03-2014,04:40:12,-22.951601,-43.349537
C30011,10-03-2014,04:42:13,-22.944393,-43.346222
C30011,10-03-2014,04:42:43,-22.941341,-43.344254
C30011,10-03-2014,04:43:43,-22.938524,-43.346756
C30011,10-03-2014,04:45:13,-22.936222,-43.351768
C30011,10-03-2014,04:46:13,-22.930941,-43.353443
C30011,10-03-2014,04:47:12,-22.926756,-43.355942
C30011,10-03-2014,04:49:12,-22.922405,-43.360683
C30011,10-03-2014,04:50:12,-22.918379,-43.360859
C30011,10-03-2014,04:51:12,-22.915335,-43.361023
C30011,10-03-2014,04:52:12,-22.915819,-43.361374
C30011,10-03-2014,04:53:13,-22.915819,-43.361374
C30011,10-03-2014,04:54:13,-22.915819,-43.361374
C30011,10-03-2014,04:55:13,-22.915819,-43.361374
C30011,10-03-2014,04:56:13,-22.916025,-43.361404
C30011,10-03-2014,04:56:43,-22.916025,-43.361404
C30011,10-03-2014,04:58:13,-22.916025,-43.361404
C30011,10-03-2014,04:59:13,-22.916025,-43.361404
C30011,10-03-2014,05:00:13,-22.916025,-43.361404
C30011,10-03-2014,05:01:13,-22.916025,-43.361404
C30011,10-03-2014,05:02:13,-22.916025,-43.361404
C30011,10-03-2014,05:03:13,-22.916025,-43.361404
C30011,10-03-2014,05:04:03,-22.916136,-43.361408
C30011,10-03-2014,05:05:13,-22.914883,-43.360695
C30011,10-03-2014,05:06:13,-22.914883,-43.360695
C30011,10-03-2014,05:07:13,-22.916445,-43.362186
C30011,10-03-2014,05:08:13,-22.916445,-43.362186
C30011,10-03-2014,05:09:13,-22.917557,-43.361248
C30011,10-03-2014,05:11:13,-22.924984,-43.35957
C30011,10-03-2014,05:12:13,-22.927864,-43.358452
C30011,10-03-2014,05:13:13,-22.929146,-43.354015
C30011,10-03-2014,05:14:13,-22.932421,-43.353027
C30011,10-03-2014,05:16:13,-22.937651,-43.35033
C30011,10-03-2014,05:18:13,-22.940741,-43.343967
C30011,10-03-2014,05:20:13,-22.949602,-43.348473
C30011,10-03-2014,05:21:13,-22.951756,-43.35022
C30011,10-03-2014,05:22:23,-22.953144,-43.355091
C30011,10-03-2014,05:24:13,-22.959785,-43.357616
C30011,10-03-2014,05:25:13,-22.963566,-43.357342
C30011,10-03-2014,05:27:13,-22.974186,-43.364017
C30011,10-03-2014,05:28:13,-22.983412,-43.366066
C30011,10-03-2014,05:29:13,-22.989176,-43.366123
C30011,10-03-2014,05:30:13,-22.995295,-43.366188
C30011,10-03-2014,05:31:13,-23.002254,-43.367229
C30011,10-03-2014,05:32:13,-23.001326,-43.364517
C30011,10-03-2014,05:32:43,-23.001268,-43.36541
C30011,10-03-2014,05:35:13,-23.001268,-43.36541
C30011,10-03-2014,05:36:13,-23.001331,-43.365833
C30011,10-03-2014,05:37:13,-23.001032,-43.366192
C30011,10-03-2014,05:38:13,-23.001032,-43.366192
C30011,10-03-2014,05:39:13,-23.001339,-43.366917
C30011,10-03-2014,05:40:07,-23.00205,-43.364693
C30011,10-03-2014,05:41:07,-22.994287,-43.365559
C30011,10-03-2014,05:42:07,-22.985884,-43.365372
C30011,10-03-2014,05:43:08,-22.979567,-43.365307
C30011,10-03-2014,05:44:08,-22.970499,-43.360184
C30011,10-03-2014,05:45:08,-22.962429,-43.356991
C30011,10-03-2014,05:46:08,-22.95771,-43.356628
C30011,10-03-2014,05:47:08,-22.953964,-43.354778
C30011,10-03-2014,05:48:08,-22.952662,-43.352032
C30011,10-03-2014,05:49:08,-22.951653,-43.349686
C30011,10-03-2014,05:50:08,-22.951588,-43.349556
C30011,10-03-2014,05:51:08,-22.949896,-43.348484
C30011,10-03-2014,05:52:08,-22.947697,-43.347881
C30011,10-03-2014,05:53:08,-22.941824,-43.344715
C30011,10-03-2014,05:54:08,-22.938421,-43.348228
C30011,10-03-2014,05:55:08,-22.936474,-43.351528
C30011,10-03-2014,05:56:08,-22.933441,-43.352551
C30011,10-03-2014,05:57:08,-22.929173,-43.353859
C30011,10-03-2014,05:58:08,-22.92906,-43.353931
C30011,10-03-2014,05:59:08,-22.927889,-43.355598
C30011,10-03-2014,06:00:18,-22.924513,-43.361225
C30011,10-03-2014,06:01:18,-22.922401,-43.360752
C30011,10-03-2014,06:02:18,-22.918764,-43.360668
C30011,10-03-2014,06:03:18,-22.915874,-43.360813
C30011,10-03-2014,06:04:18,-22.91526,-43.360764
C30011,10-03-2014,06:05:18,-22.915245,-43.360771
C30011,10-03-2014,06:06:18,-22.915976,-43.361435
C30011,10-03-2014,06:07:18,-22.915976,-43.361435
C30011,10-03-2014,06:08:18,-22.915976,-43.361435
C30011,10-03-2014,06:09:18,-22.915976,-43.361435
C30011,10-03-2014,06:10:18,-22.915976,-43.361435
C30011,10-03-2014,06:11:18,-22.915014,-43.36068
C30011,10-03-2014,06:12:18,-22.914808,-43.360676
C30011,10-03-2014,06:13:18,-22.915545,-43.361687
C30011,10-03-2014,06:14:18,-22.915648,-43.361774
C30011,10-03-2014,06:16:18,-22.916105,-43.362091
C30011,10-03-2014,06:17:18,-22.916983,-43.361519
C30011,10-03-2014,06:18:48,-22.92021,-43.360256
C30011,10-03-2014,06:19:48,-22.92384,-43.361534
C30011,10-03-2014,06:22:18,-22.927441,-43.359657
C30011,10-03-2014,06:23:19,-22.928194,-43.357361
C30011,10-03-2014,06:24:18,-22.928394,-43.356697
C30011,10-03-2014,06:25:09,-22.928764,-43.355095
C30011,10-03-2014,06:26:19,-22.932373,-43.353035
C30011,10-03-2014,06:27:19,-22.934547,-43.352543
C30011,10-03-2014,06:28:19,-22.935432,-43.352482
C30011,10-03-2014,06:29:19,-22.937265,-43.350765
C30011,10-03-2014,06:30:19,-22.938484,-43.348499
C30011,10-03-2014,06:31:19,-22.938589,-43.346851
C30011,10-03-2014,06:32:19,-22.939438,-43.34409
C30011,10-03-2014,06:32:49,-22.939804,-43.343777
C30011,10-03-2014,06:34:19,-22.943533,-43.345932
C30011,10-03-2014,06:35:19,-22.947771,-43.347969
C30011,10-03-2014,06:36:19,-22.94989,-43.348564
C30011,10-03-2014,06:37:19,-22.952684,-43.352432
C30011,10-03-2014,06:38:19,-22.953157,-43.355095
C30011,10-03-2014,06:39:19,-22.95385,-43.35733
C30011,10-03-2014,06:40:09,-22.957785,-43.356991
C30011,10-03-2014,06:41:09,-22.962528,-43.357262
C30011,10-03-2014,06:42:09,-22.963434,-43.357353
C30011,10-03-2014,06:43:09,-22.963615,-43.357361
C30011,10-03-2014,06:44:09,-22.966398,-43.357368
C30011,10-03-2014,06:45:09,-22.971273,-43.361759
C30011,10-03-2014,06:46:09,-22.979918,-43.365997
C30011,10-03-2014,06:47:09,-22.984858,-43.366108
C30011,10-03-2014,06:48:09,-22.987978,-43.366123
C30011,10-03-2014,06:48:39,-22.991253,-43.36618
C30011,10-03-2014,06:50:09,-22.995726,-43.366146
C30011,10-03-2014,06:51:09,-23.00176,-43.36784
C30011,10-03-2014,06:52:19,-23.001278,-43.36515
C30011,10-03-2014,06:53:18,-23.001282,-43.365208
C30011,10-03-2014,06:54:18,-23.00132,-43.365322
C30011,10-03-2014,06:56:18,-23.00132,-43.365322
C30011,10-03-2014,06:58:18,-23.002867,-43.365894
C30011,10-03-2014,06:59:18,-22.997602,-43.365074
C30011,10-03-2014,07:00:18,-22.989437,-43.365421
C30011,10-03-2014,07:00:48,-22.984804,-43.365292
C30011,10-03-2014,07:02:18,-22.980501,-43.365326
C30011,10-03-2014,07:03:18,-22.971828,-43.361378
C30011,10-03-2014,07:04:18,-22.963972,-43.356964
C30011,10-03-2014,07:05:18,-22.962221,-43.357037
C30011,10-03-2014,07:06:18,-22.962124,-43.357056
C30011,10-03-2014,07:07:18,-22.955931,-43.355621
C30011,10-03-2014,07:08:18,-22.953157,-43.354897
C30011,10-03-2014,07:09:18,-22.952696,-43.352318
C30011,10-03-2014,07:10:18,-22.950583,-43.348728
C30011,10-03-2014,07:11:18,-22.948736,-43.348125
C30011,10-03-2014,07:12:18,-22.944223,-43.346191
C30011,10-03-2014,07:13:18,-22.941776,-43.344574
C30011,10-03-2014,07:14:18,-22.940477,-43.34341
C30011,10-03-2014,07:15:18,-22.938662,-43.345089
C30011,10-03-2014,07:16:18,-22.938494,-43.347366
C30011,10-03-2014,07:18:18,-22.936661,-43.351311
C30011,10-03-2014,07:19:18,-22.936108,-43.35191
C30011,10-03-2014,07:21:18,-22.930265,-43.353531
C30011,10-03-2014,07:22:18,-22.929346,-43.353813
C30011,10-03-2014,07:25:18,-22.922832,-43.360966
C30011,10-03-2014,07:26:18,-22.919641,-43.360359
C30011,10-03-2014,07:27:18,-22.918335,-43.360897
C30011,10-03-2014,07:28:18,-22.915213,-43.36084
C30011,10-03-2014,07:33:18,-22.915968,-43.361477
C30011,10-03-2014,07:34:18,-22.915968,-43.361477
C30011,10-03-2014,07:35:18,-22.915968,-43.361477
C30011,10-03-2014,07:36:18,-22.916025,-43.360981
C30011,10-03-2014,07:37:18,-22.914875,-43.360687
C30011,10-03-2014,07:38:18,-22.914696,-43.360878
C30011,10-03-2014,07:39:18,-22.915382,-43.361565
C30011,10-03-2014,07:40:18,-22.915382,-43.361565
C30011,10-03-2014,07:41:18,-22.915701,-43.361725
C30011,10-03-2014,07:42:18,-22.915701,-43.361725
C30011,10-03-2014,07:43:18,-22.916071,-43.362057
C30011,10-03-2014,07:44:18,-22.916164,-43.362118
C30011,10-03-2014,07:45:18,-22.916492,-43.362236
C30011,10-03-2014,07:46:18,-22.91659,-43.362114
C30011,10-03-2014,07:47:18,-22.917551,-43.361294
C30011,10-03-2014,07:48:18,-22.918112,-43.361027
C30011,10-03-2014,07:49:18,-22.922182,-43.360775
C30011,10-03-2014,07:50:18,-22.924057,-43.361526
C30011,10-03-2014,07:51:18,-22.924932,-43.359776
C30011,10-03-2014,07:52:18,-22.926558,-43.359951
C30011,10-03-2014,07:53:18,-22.927826,-43.358482
C30011,10-03-2014,07:56:18,-22.928526,-43.356297
C30011,10-03-2014,07:57:18,-22.928556,-43.356178
C30011,10-03-2014,07:58:18,-22.928782,-43.355553
C30011,10-03-2014,08:00:08,-22.929098,-43.354126
C30011,10-03-2014,08:02:08,-22.931355,-43.353394
C30011,10-03-2014,08:03:08,-22.932081,-43.353172
C30011,10-03-2014,08:04:18,-22.933659,-43.352596
C30011,10-03-2014,08:05:18,-22.93395,-43.352539
C30011,10-03-2014,08:06:18,-22.93527,-43.352566
C30011,10-03-2014,08:14:18,-22.947281,-43.347744
C30011,10-03-2014,08:15:19,-22.951607,-43.349663
C30011,10-03-2014,08:16:09,-22.952715,-43.354221
C30011,10-03-2014,08:17:19,-22.953676,-43.357109
C30011,10-03-2014,08:17:49,-22.954477,-43.357521
C30011,10-03-2014,08:18:49,-22.959536,-43.357613
C30011,10-03-2014,08:19:48,-22.963343,-43.357342
C30011,10-03-2014,08:20:48,-22.968254,-43.358448
C30011,10-03-2014,08:23:18,-22.981539,-43.366058
C30011,10-03-2014,08:23:38,-22.982746,-43.366089
C30011,10-03-2014,08:25:18,-22.990738,-43.366211
C30011,10-03-2014,08:25:48,-22.992985,-43.366272
C30011,10-03-2014,08:27:18,-23.000757,-43.368885
C30011,10-03-2014,08:29:18,-23.001572,-43.364319
C30011,10-03-2014,08:30:18,-23.001314,-43.365219
C30011,10-03-2014,08:31:18,-23.001308,-43.365372
C30011,10-03-2014,08:31:48,-23.001308,-43.365372
C30011,10-03-2014,08:33:18,-23.001308,-43.365372
C30011,10-03-2014,08:33:48,-23.001308,-43.365372
C30011,10-03-2014,08:35:18,-23.001293,-43.365593
C30011,10-03-2014,08:36:18,-23.001268,-43.366146
C30011,10-03-2014,08:37:18,-23.001633,-43.367912
C30011,10-03-2014,08:37:48,-23.002871,-43.365952
C30011,10-03-2014,08:39:18,-22.994789,-43.365612
C30011,10-03-2014,08:40:18,-22.989592,-43.365479
C30011,10-03-2014,08:41:18,-22.984211,-43.365242
C30011,10-03-2014,08:42:18,-22.984211,-43.365242
C30011,10-03-2014,08:43:18,-22.980013,-43.365364
C30011,10-03-2014,08:44:18,-22.971001,-43.360691
C30011,10-03-2014,08:45:18,-22.963963,-43.356979
C30011,10-03-2014,08:46:18,-22.962326,-43.357025
C30011,10-03-2014,08:47:18,-22.958675,-43.357082
C30011,10-03-2014,08:48:18,-22.955532,-43.355228
C30011,10-03-2014,08:49:18,-22.952677,-43.351982
C30011,10-03-2014,08:50:18,-22.949848,-43.348511
C30011,10-03-2014,08:51:18,-22.948851,-43.348228
C30011,10-03-2014,08:52:18,-22.944731,-43.346329
C30011,10-03-2014,08:53:18,-22.942307,-43.345161
C30011,10-03-2014,08:54:18,-22.941847,-43.344727
C30011,10-03-2014,08:55:18,-22.939558,-43.343918
C30011,10-03-2014,08:56:18,-22.938461,-43.347897
C30011,10-03-2014,08:57:18,-22.937683,-43.350166
C30011,10-03-2014,08:57:48,-22.936953,-43.35099
C30011,10-03-2014,08:59:18,-22.933743,-43.352531
C30011,10-03-2014,09:01:18,-22.928087,-43.355278
C30011,10-03-2014,09:01:38,-22.927999,-43.355328
C30011,10-03-2014,09:03:18,-22.924814,-43.358486
C30011,10-03-2014,09:04:18,-22.922358,-43.360733
C30011,10-03-2014,09:05:18,-22.922026,-43.360649
C30011,10-03-2014,09:08:18,-22.915834,-43.361355
C30011,10-03-2014,09:09:18,-22.915947,-43.361385
C30011,10-03-2014,09:09:48,-22.915926,-43.361389
C30011,10-03-2014,09:11:18,-22.916018,-43.361439
C30011,10-03-2014,09:12:18,-22.916018,-43.361439
C30011,10-03-2014,09:13:18,-22.916018,-43.361439
C30011,10-03-2014,09:13:48,-22.916018,-43.361439
C30011,10-03-2014,09:15:18,-22.915396,-43.360748
C30011,10-03-2014,09:15:48,-22.915012,-43.360744
C30011,10-03-2014,09:16:48,-22.915297,-43.361553
C30011,10-03-2014,09:18:18,-22.916132,-43.362171
C30011,10-03-2014,09:19:18,-22.916132,-43.362171
C30011,10-03-2014,09:21:18,-22.9174,-43.361355
C30011,10-03-2014,09:22:18,-22.918447,-43.360901
C30011,10-03-2014,09:23:18,-22.919241,-43.360577
C30011,10-03-2014,09:23:48,-22.919916,-43.360382
C30011,10-03-2014,09:25:19,-22.923784,-43.361591
C30011,10-03-2014,09:26:18,-22.924232,-43.361481
C30011,10-03-2014,09:28:19,-22.925713,-43.359753
C30011,10-03-2014,09:30:19,-22.927538,-43.359322
C30011,10-03-2014,09:31:19,-22.927788,-43.358643
C30011,10-03-2014,09:32:19,-22.928339,-43.356995
C30011,10-03-2014,09:33:19,-22.928465,-43.35656
C30011,10-03-2014,09:36:19,-22.934166,-43.352566
C30011,10-03-2014,09:37:19,-22.935762,-43.352306
C30011,10-03-2014,09:38:19,-22.937384,-43.350689
C30011,10-03-2014,09:38:49,-22.938471,-43.349888
C30011,10-03-2014,09:40:19,-22.938803,-43.344925
C30011,10-03-2014,09:41:19,-22.939365,-43.3442
C30011,10-03-2014,09:41:49,-22.940474,-43.343754
C30011,10-03-2014,09:43:19,-22.942936,-43.345615
C30011,10-03-2014,09:43:49,-22.944984,-43.346493
C30011,10-03-2014,09:45:09,-22.948759,-43.348278
C30011,10-03-2014,09:46:19,-22.951643,-43.349922
C30011,10-03-2014,09:47:19,-22.952637,-43.353561
C30011,10-03-2014,09:48:19,-22.95323,-43.355198
C30011,10-03-2014,09:50:19,-22.962885,-43.357319
C30011,10-03-2014,09:53:19,-22.980837,-43.366077
C30011,10-03-2014,09:54:19,-22.984493,-43.366112
C30011,10-03-2014,09:55:19,-22.992826,-43.366314
C30011,10-03-2014,09:55:49,-22.993843,-43.366264
C30011,10-03-2014,09:57:19,-22.998566,-43.367825
C30011,10-03-2014,09:58:19,-22.999575,-43.368923
C30011,10-03-2014,09:59:19,-23.001631,-43.367901
C30011,10-03-2014,09:59:49,-23.002443,-43.366989
C30011,10-03-2014,10:01:19,-23.001314,-43.364887
C30011,10-03-2014,10:02:19,-23.001287,-43.365265
C30011,10-03-2014,10:03:19,-23.001287,-43.365265
C30011,10-03-2014,10:04:19,-23.001287,-43.365265
C30011,10-03-2014,10:05:19,-23.001287,-43.365265
C30011,10-03-2014,10:06:19,-23.001287,-43.365265
C30011,10-03-2014,10:07:19,-23.001287,-43.365265
C30011,10-03-2014,10:09:19,-23.001383,-43.36742
C30011,10-03-2014,10:09:49,-23.001383,-43.36742
C30011,10-03-2014,10:11:19,-23.001505,-43.36797
C30011,10-03-2014,10:12:19,-23.002687,-43.366707
C30011,10-03-2014,10:13:19,-23.000517,-43.363167
C30011,10-03-2014,10:14:19,-22.995264,-43.36565
C30011,10-03-2014,10:15:19,-22.988186,-43.365429
C30011,10-03-2014,10:16:19,-22.98333,-43.365421
C30011,10-03-2014,10:17:19,-22.977133,-43.364315
C30011,10-03-2014,10:17:39,-22.974537,-43.363098
C30011,10-03-2014,10:21:49,-22.952074,-43.350845
C30011,10-03-2014,10:23:19,-22.950781,-43.348854
C30011,10-03-2014,10:24:19,-22.948812,-43.348186
C30011,10-03-2014,10:26:19,-22.942362,-43.34523
C30011,10-03-2014,10:26:49,-22.942265,-43.345173
C30011,10-03-2014,10:27:49,-22.940414,-43.343475
C30011,10-03-2014,10:28:39,-22.938673,-43.345047
C30011,10-03-2014,10:29:49,-22.938437,-43.347923
C30011,10-03-2014,10:30:49,-22.937777,-43.349998
C30011,10-03-2014,10:31:49,-22.935261,-43.352509
C30011,10-03-2014,10:32:49,-22.932487,-43.352955
C30011,10-03-2014,10:33:59,-22.929609,-43.353722
C30011,10-03-2014,10:34:49,-22.927349,-43.355862
C30011,10-03-2014,10:35:49,-22.925373,-43.357609
C30011,10-03-2014,10:36:49,-22.924866,-43.360283
C30011,10-03-2014,10:37:49,-22.920389,-43.360249
C30011,10-03-2014,10:38:49,-22.91852,-43.360809
C30011,10-03-2014,10:39:49,-22.917,-43.361473
C30011,10-03-2014,10:41:49,-22.915976,-43.361343
C30011,10-03-2014,10:42:49,-22.915976,-43.361343
C30011,10-03-2014,10:43:49,-22.915976,-43.361343
C30011,10-03-2014,10:44:49,-22.915976,-43.361343
C30011,10-03-2014,10:45:49,-22.916157,-43.361198
C30011,10-03-2014,10:46:49,-22.915073,-43.360699
C30011,10-03-2014,10:47:49,-22.916164,-43.362179
C30011,10-03-2014,10:48:49,-22.916172,-43.362186
C30011,10-03-2014,10:49:49,-22.917448,-43.361347
C30011,10-03-2014,10:50:49,-22.918053,-43.361084
C30011,10-03-2014,10:51:49,-22.919794,-43.360386
C30011,10-03-2014,10:52:49,-22.920662,-43.360397
C30011,10-03-2014,10:53:49,-22.924248,-43.361458
C30011,10-03-2014,10:55:50,-22.924925,-43.359985
C30011,10-03-2014,10:56:50,-22.926811,-43.359982
C30011,10-03-2014,10:58:00,-22.928003,-43.35796
C30011,10-03-2014,10:58:50,-22.928564,-43.356243
C30011,10-03-2014,10:59:50,-22.928829,-43.354664
C30011,10-03-2014,11:00:20,-22.930969,-43.35347
C30011,10-03-2014,11:01:53,-22.932463,-43.353046
C30011,10-03-2014,11:02:53,-22.933376,-43.352711
C30011,10-03-2014,11:03:43,-22.934612,-43.352509
C30011,10-03-2014,11:04:45,-22.936068,-43.352058
C30011,10-03-2014,11:05:45,-22.937025,-43.350983
C30011,10-03-2014,11:06:45,-22.938473,-43.34911
C30011,10-03-2014,11:08:55,-22.939732,-43.343872
C30011,10-03-2014,11:09:45,-22.939732,-43.343872
C30011,10-03-2014,11:10:49,-22.94087,-43.344704
C30011,10-03-2014,11:11:50,-22.945484,-43.346588
C30011,10-03-2014,11:12:50,-22.950018,-43.348598
C30011,10-03-2014,11:13:50,-22.951797,-43.350407
C30011,10-03-2014,11:14:50,-22.953442,-43.355988
C30011,10-03-2014,11:16:00,-22.959726,-43.357639
C30011,10-03-2014,11:16:50,-22.96435,-43.357349
C30011,10-03-2014,11:17:10,-22.967058,-43.357563
C30011,10-03-2014,11:19:50,-22.987711,-43.36615
C30011,10-03-2014,11:20:40,-22.993332,-43.366219
C30011,10-03-2014,11:21:50,-22.999632,-43.368912
C30011,10-03-2014,11:23:50,-23.00094,-43.368713
C30011,10-03-2014,11:24:50,-23.002134,-43.367344
C30011,10-03-2014,11:25:50,-23.001738,-43.364449
C30011,10-03-2014,11:26:40,-23.001322,-43.365345
C30011,10-03-2014,11:27:20,-23.001322,-43.365345
C30011,10-03-2014,11:40:00,-22.955084,-43.354828
C30011,10-03-2014,11:40:10,-22.954414,-43.354729
C30011,10-03-2014,11:42:01,-22.951553,-43.349506
C30011,10-03-2014,11:43:42,-22.945362,-43.346474
C30011,10-03-2014,11:45:02,-22.94076,-43.343689
C30011,10-03-2014,11:45:52,-22.938622,-43.345512
C30011,10-03-2014,11:47:52,-22.935797,-43.352161
C30011,10-03-2014,11:48:52,-22.934052,-43.352489
C30011,10-03-2014,11:49:52,-22.931814,-43.353168
C30011,10-03-2014,11:50:52,-22.930428,-43.353416
C30011,10-03-2014,11:51:52,-22.928478,-43.354774
C30011,10-03-2014,11:52:52,-22.925699,-43.357124
C30011,10-03-2014,11:53:52,-22.925119,-43.358021
C30011,10-03-2014,11:56:52,-22.921473,-43.360535
C30011,10-03-2014,11:57:22,-22.920982,-43.360382
C30011,10-03-2014,11:58:52,-22.919765,-43.360313
C30011,10-03-2014,11:59:52,-22.918068,-43.360989
C30011,10-03-2014,12:00:52,-22.917364,-43.361267
C30011,10-03-2014,12:02:52,-22.915392,-43.36076
C30011,10-03-2014,12:03:52,-22.915253,-43.360825
C30011,10-03-2014,12:04:52,-22.915653,-43.361248
C30011,10-03-2014,12:05:52,-22.915852,-43.361423
C30011,10-03-2014,12:06:52,-22.915852,-43.361423
C30011,10-03-2014,12:07:52,-22.915852,-43.361423
C30011,10-03-2014,12:08:52,-22.915852,-43.361423
C30011,10-03-2014,12:09:52,-22.915852,-43.361423
C30011,10-03-2014,12:10:52,-22.915852,-43.361423
C30011,10-03-2014,12:12:57,-22.915745,-43.360802
C30011,10-03-2014,12:14:57,-22.915701,-43.361774
C30011,10-03-2014,12:16:57,-22.916164,-43.36211
C30011,10-03-2014,12:17:57,-22.916435,-43.362198
C30011,10-03-2014,12:18:57,-22.917082,-43.361458
C30011,10-03-2014,12:19:57,-22.917433,-43.361324
C30011,10-03-2014,12:20:57,-22.917728,-43.361237
C30011,10-03-2014,12:22:57,-22.923378,-43.361301
C30011,10-03-2014,12:23:57,-22.924364,-43.361359
C30011,10-03-2014,12:24:57,-22.924953,-43.359638
C30011,10-03-2014,12:25:57,-22.926386,-43.359905
C30011,10-03-2014,12:26:57,-22.927217,-43.360081
C30011,10-03-2014,12:27:57,-22.928112,-43.357548
C30011,10-03-2014,12:28:57,-22.928125,-43.35751
C30011,10-03-2014,12:29:57,-22.928535,-43.356312
C30011,10-03-2014,12:31:47,-22.930056,-43.353607
C30011,10-03-2014,12:32:47,-22.930653,-43.353523
C30011,10-03-2014,12:34:47,-22.931879,-43.353256
C30011,10-03-2014,12:35:47,-22.932423,-43.353062
C30011,10-03-2014,12:36:47,-22.933382,-43.352715
C30011,10-03-2014,12:37:47,-22.933542,-43.352661
C30011,10-03-2014,12:38:47,-22.934519,-43.352554
C30011,10-03-2014,12:39:47,-22.936659,-43.351425
C30011,10-03-2014,12:41:47,-22.938499,-43.348331
C30011,10-03-2014,12:42:47,-22.93906,-43.34441
C30011,10-03-2014,12:43:47,-22.939251,-43.344292
C30011,10-03-2014,12:44:57,-22.939905,-43.343803
C30011,10-03-2014,12:45:57,-22.940241,-43.343658
C30011,10-03-2014,12:46:57,-22.940838,-43.344494
C30011,10-03-2014,12:47:57,-22.942717,-43.345497
C30011,10-03-2014,12:49:47,-22.9478,-43.347961
C30011,10-03-2014,12:50:47,-22.951691,-43.350025
C30011,10-03-2014,12:52:57,-22.953999,-43.357388
C30011,10-03-2014,12:53:57,-22.958914,-43.357471
C30011,10-03-2014,12:54:17,-22.961416,-43.357452
C30011,10-03-2014,12:58:56,-22.988661,-43.366177
C30011,10-03-2014,12:59:56,-22.993137,-43.366264
C30011,10-03-2014,13:00:59,-22.998411,-43.367428
C30011,10-03-2014,13:01:59,-22.999987,-43.369125
C30011,10-03-2014,13:03:54,-23.002752,-43.365505
C30011,10-03-2014,13:04:54,-23.001345,-43.365036
C30011,10-03-2014,13:06:54,-23.001345,-43.365036
C30011,10-03-2014,13:07:54,-23.001352,-43.365211
C30011,10-03-2014,13:08:44,-23.001352,-43.365211
C30011,10-03-2014,13:09:54,-23.001352,-43.365211
C30011,10-03-2014,13:10:57,-23.001352,-43.365211
C30011,10-03-2014,13:11:57,-23.001352,-43.365211
C30011,10-03-2014,13:13:57,-23.001419,-43.365326
C30011,10-03-2014,13:14:57,-23.001419,-43.365326
C30011,10-03-2014,13:15:57,-23.001419,-43.365326
C30011,10-03-2014,13:16:57,-23.001419,-43.365326
C30011,10-03-2014,13:17:57,-23.001457,-43.367153
C30011,10-03-2014,13:18:57,-23.002754,-43.366665
C30011,10-03-2014,13:19:57,-22.999662,-43.363049
C30011,10-03-2014,13:21:57,-22.991337,-43.365482
C30011,10-03-2014,13:22:57,-22.984144,-43.365242
C30011,10-03-2014,13:23:57,-22.981968,-43.365322
C30011,10-03-2014,13:24:57,-22.975168,-43.3633
C30011,10-03-2014,13:30:57,-22.952349,-43.351234
C30011,10-03-2014,13:31:57,-22.951693,-43.349659
C30011,10-03-2014,13:33:57,-22.945908,-43.346581
C30011,10-03-2014,13:35:57,-22.942783,-43.345409
C30011,10-03-2014,13:36:57,-22.941931,-43.344757
C30011,10-03-2014,13:37:57,-22.940649,-43.343586
C30011,10-03-2014,13:38:57,-22.940292,-43.343479
C30011,10-03-2014,13:39:57,-22.938684,-43.345154
C30011,10-03-2014,13:40:47,-22.938601,-43.345955
C30011,10-03-2014,13:41:47,-22.938515,-43.346756
C30011,10-03-2014,13:42:57,-22.938269,-43.349155
C30011,10-03-2014,13:43:57,-22.937006,-43.350945
C30011,10-03-2014,13:44:57,-22.934275,-43.352516
C30011,10-03-2014,13:46:57,-22.930246,-43.353485
C30011,10-03-2014,13:47:27,-22.930048,-43.353531
C30011,10-03-2014,13:48:57,-22.926882,-43.355858
C30011,10-03-2014,13:49:57,-22.926281,-43.356274
C30011,10-03-2014,13:50:57,-22.925585,-43.357315
C30011,10-03-2014,13:51:57,-22.925335,-43.357693
C30011,10-03-2014,13:52:57,-22.924782,-43.359386
C30011,10-03-2014,13:53:57,-22.92243,-43.360764
C30011,10-03-2014,13:54:57,-22.920193,-43.360218
C30011,10-03-2014,13:55:57,-22.91823,-43.360905
C30011,10-03-2014,13:56:57,-22.917587,-43.361172
C30011,10-03-2014,13:57:57,-22.915861,-43.361366
C30011,10-03-2014,13:58:57,-22.915882,-43.361374
C30011,10-03-2014,13:59:57,-22.915882,-43.361374
C30011,10-03-2014,14:01:57,-22.915882,-43.361374
C30011,10-03-2014,14:02:57,-22.91593,-43.361401
C30011,10-03-2014,14:03:57,-22.916021,-43.361458
C30011,10-03-2014,14:04:57,-22.916021,-43.361458
C30011,10-03-2014,14:05:57,-22.916021,-43.361458
C30011,10-03-2014,14:06:47,-22.916021,-43.361458
C30011,10-03-2014,14:07:57,-22.916021,-43.361458
C30011,10-03-2014,14:08:57,-22.915094,-43.360706
C30011,10-03-2014,14:09:57,-22.914909,-43.360695
C30011,10-03-2014,14:11:57,-22.915771,-43.361813
C30011,10-03-2014,14:12:57,-22.916319,-43.362213
C30011,10-03-2014,14:13:57,-22.916319,-43.362213
C30011,10-03-2014,14:14:47,-22.917114,-43.361443
C30011,10-03-2014,14:15:58,-22.918358,-43.360981
C30011,10-03-2014,14:16:58,-22.923351,-43.361263
C30011,10-03-2014,14:17:58,-22.923719,-43.361481
C30011,10-03-2014,14:18:58,-22.925003,-43.360256
C30011,10-03-2014,14:19:58,-22.92663,-43.359951
C30011,10-03-2014,14:21:58,-22.928595,-43.35627
C30011,10-03-2014,14:22:58,-22.928825,-43.355206
C30011,10-03-2014,14:23:48,-22.931274,-43.353424
C30011,10-03-2014,14:24:52,-22.936455,-43.351715
C30011,10-03-2014,14:25:52,-22.938635,-43.349178
C30011,10-03-2014,14:26:52,-22.938652,-43.347065
C30011,10-03-2014,14:27:52,-22.938425,-43.346897
C30011,10-03-2014,14:28:52,-22.938774,-43.345116
C30011,10-03-2014,14:30:04,-22.940874,-43.344334
C30011,10-03-2014,14:30:54,-22.94249,-43.345325
C30011,10-03-2014,14:31:54,-22.944424,-43.346317
C30011,10-03-2014,14:32:54,-22.948372,-43.348122
C30011,10-03-2014,14:33:54,-22.951403,-43.349323
C30011,10-03-2014,14:34:54,-22.952671,-43.353191
C30011,10-03-2014,14:35:54,-22.953344,-43.355412
C30011,10-03-2014,14:36:54,-22.95533,-43.358368
C30011,10-03-2014,14:41:04,-22.98074,-43.366013
C30011,10-03-2014,14:42:54,-22.992496,-43.366203
C30011,10-03-2014,14:43:24,-22.993259,-43.366211
C30011,10-03-2014,14:44:54,-23.001038,-43.36866
C30011,10-03-2014,14:45:54,-23.002897,-43.366196
C30011,10-03-2014,14:46:54,-23.001581,-43.364277
C30011,10-03-2014,14:47:54,-23.001581,-43.364277
C30011,10-03-2014,14:48:54,-23.001581,-43.364277
C30011,10-03-2014,14:49:54,-23.001413,-43.364666
C30011,10-03-2014,14:50:54,-23.001413,-43.364666
C30011,10-03-2014,14:51:54,-23.001413,-43.364666
C30011,10-03-2014,14:52:54,-23.001366,-43.365318
C30011,10-03-2014,14:53:54,-23.001368,-43.36533
C30011,10-03-2014,14:54:54,-23.001368,-43.36533
C30011,10-03-2014,14:55:54,-23.001368,-43.36533
C30011,10-03-2014,14:56:54,-23.001617,-43.367958
C30011,10-03-2014,14:57:54,-23.002874,-43.365868
C30011,10-03-2014,14:58:54,-22.99905,-43.363602
C30011,10-03-2014,14:59:54,-22.992485,-43.365475
C30011,10-03-2014,15:00:54,-22.985012,-43.365318
C30011,10-03-2014,15:01:54,-22.984272,-43.365261
C30011,10-03-2014,15:02:54,-22.98218,-43.365311
C30011,10-03-2014,15:03:54,-22.975716,-43.363544
C30011,10-03-2014,15:05:44,-22.963655,-43.356964
C30011,10-03-2014,15:08:04,-22.954035,-43.354771
C30011,10-03-2014,15:09:04,-22.953342,-43.354931
C30011,10-03-2014,15:09:54,-22.952709,-43.353344
C30011,10-03-2014,15:13:04,-22.951672,-43.349682
C30011,10-03-2014,15:14:04,-22.949936,-43.348461
C30011,10-03-2014,15:15:04,-22.945555,-43.346458
C30011,10-03-2014,15:15:54,-22.944134,-43.346111
C30011,10-03-2014,15:16:54,-22.941864,-43.344662
C30011,10-03-2014,15:17:54,-22.939121,-43.344276
C30011,10-03-2014,15:18:54,-22.938665,-43.345581
C30011,10-03-2014,15:19:54,-22.938606,-43.346375
C30011,10-03-2014,15:20:55,-22.938486,-43.347988
C30011,10-03-2014,15:21:55,-22.938343,-43.348995
C30011,10-03-2014,15:23:05,-22.937929,-43.349838
C30011,10-03-2014,15:24:05,-22.936741,-43.351322
C30011,10-03-2014,15:24:55,-22.934877,-43.35252
C30011,10-03-2014,15:25:55,-22.932796,-43.352837
C30011,10-03-2014,15:26:55,-22.929436,-43.353741
C30011,10-03-2014,15:27:45,-22.929436,-43.353741
C30011,10-03-2014,15:28:55,-22.927258,-43.355862
C30011,10-03-2014,15:29:55,-22.925606,-43.357414
C30011,10-03-2014,15:31:55,-22.92486,-43.359638
C30011,10-03-2014,15:32:55,-22.923492,-43.361347
C30011,10-03-2014,15:33:55,-22.92198,-43.360649
C30011,10-03-2014,15:34:55,-22.920605,-43.360229
C30011,10-03-2014,15:35:55,-22.918663,-43.360718
C30011,10-03-2014,15:36:55,-22.916138,-43.361095
C30011,10-03-2014,15:37:55,-22.915916,-43.361397
C30011,10-03-2014,15:38:55,-22.915916,-43.361397
C30011,10-03-2014,15:39:55,-22.915916,-43.361397
C30011,10-03-2014,15:40:55,-22.915621,-43.360733
C30011,10-03-2014,15:41:55,-22.915833,-43.361843
C30011,10-03-2014,15:42:55,-22.916403,-43.362236
C30011,10-03-2014,15:43:55,-22.917593,-43.361244
C30011,10-03-2014,15:44:55,-22.919806,-43.360359
C30011,10-03-2014,15:45:55,-22.923811,-43.361542
C30011,10-03-2014,15:46:55,-22.924892,-43.360828
C30011,10-03-2014,15:47:55,-22.924986,-43.359867
C30011,10-03-2014,15:48:56,-22.926292,-43.359844
C30011,10-03-2014,15:49:56,-22.927086,-43.360016
C30011,10-03-2014,15:50:55,-22.928642,-43.35614
C30011,10-03-2014,15:52:45,-22.932671,-43.352917
C30011,10-03-2014,15:53:55,-22.934027,-43.352539
C30011,10-03-2014,15:54:55,-22.936148,-43.351971
C30011,10-03-2014,15:55:55,-22.937485,-43.350502
C30011,10-03-2014,15:56:55,-22.938553,-43.349163
C30011,10-03-2014,15:57:55,-22.938725,-43.345947
C30011,10-03-2014,15:58:55,-22.939409,-43.344196
C30011,10-03-2014,15:59:55,-22.940166,-43.343632
C30011,10-03-2014,16:00:46,-22.940861,-43.34417
C30011,10-03-2014,16:03:46,-22.945829,-43.346619
C30011,10-03-2014,16:05:06,-22.949287,-43.3484
C30011,10-03-2014,16:05:51,-22.951675,-43.349983
C30011,10-03-2014,16:06:51,-22.952646,-43.352402
C30011,10-03-2014,16:07:21,-22.952656,-43.353348
C30011,10-03-2014,16:10:11,-22.956133,-43.358391
C30011,10-03-2014,16:15:01,-22.984133,-43.366104
C30011,10-03-2014,16:16:02,-22.991455,-43.366207
C30011,10-03-2014,16:17:02,-22.997124,-43.366215
C30011,10-03-2014,16:18:02,-23.002474,-43.36702
C30011,10-03-2014,16:18:52,-23.00139,-43.364342
C30011,10-03-2014,16:19:52,-23.001379,-43.365097
C30011,10-03-2014,16:20:52,-23.001379,-43.365097
C30011,10-03-2014,16:21:52,-23.001379,-43.365097
C30011,10-03-2014,16:22:52,-23.001406,-43.365295
C30011,10-03-2014,16:24:02,-23.001446,-43.366383
C30011,10-03-2014,16:24:52,-23.001644,-43.367928
C30011,10-03-2014,16:25:52,-23.002403,-43.365013
C30011,10-03-2014,16:27:02,-22.996492,-43.365662
C30011,10-03-2014,16:28:02,-22.993876,-43.36549
C30011,10-03-2014,16:29:02,-22.993876,-43.36549
C30011,10-03-2014,16:30:02,-22.991722,-43.365437
C30011,10-03-2014,16:31:02,-22.991444,-43.365467
C30011,10-03-2014,16:32:02,-22.98641,-43.365372
C30011,10-03-2014,16:33:02,-22.984684,-43.365265
C30011,10-03-2014,16:33:32,-22.984684,-43.365265
C30011,10-03-2014,16:35:02,-22.982658,-43.365288
C30011,10-03-2014,16:36:02,-22.977962,-43.364582
C30011,10-03-2014,16:36:52,-22.971851,-43.36134
C30011,10-03-2014,16:37:52,-22.970228,-43.359745
C30011,10-03-2014,16:39:22,-22.967615,-43.357487
C30011,10-03-2014,16:41:02,-22.962526,-43.357006
C30011,10-03-2014,16:41:22,-22.962107,-43.357037
C30011,10-03-2014,16:42:52,-22.955555,-43.355217
C30011,10-03-2014,16:44:02,-22.95344,-43.354954
C30011,10-03-2014,16:45:02,-22.952757,-43.353043
C30011,10-03-2014,16:46:02,-22.951315,-43.349094
C30011,10-03-2014,16:47:02,-22.949911,-43.348469
C30011,10-03-2014,16:48:02,-22.946657,-43.347115
C30011,10-03-2014,16:49:02,-22.944845,-43.346298
C30011,10-03-2014,16:49:52,-22.94243,-43.345211
C30011,10-03-2014,16:51:02,-22.941666,-43.34449
C30011,10-03-2014,16:52:02,-22.939728,-43.343842
C30011,10-03-2014,16:53:02,-22.938768,-43.344707
C30011,10-03-2014,16:54:02,-22.938707,-43.345585
C30011,10-03-2014,16:55:02,-22.93852,-43.347054
C30011,10-03-2014,16:56:02,-22.938454,-43.347809
C30011,10-03-2014,16:58:02,-22.93788,-43.349911
C30011,10-03-2014,16:59:02,-22.936712,-43.351273
C30011,10-03-2014,17:00:02,-22.935974,-43.352074
C30011,10-03-2014,17:01:02,-22.930901,-43.353401
C30011,10-03-2014,17:01:32,-22.930775,-43.353455
C30011,10-03-2014,17:03:02,-22.926647,-43.355968
C30011,10-03-2014,17:04:02,-22.926256,-43.356354
C30011,10-03-2014,17:05:02,-22.9251,-43.357986
C30011,10-03-2014,17:06:02,-22.924892,-43.358334
C30011,10-03-2014,17:07:02,-22.923122,-43.361111
C30011,10-03-2014,17:08:02,-22.922575,-43.36079
C30011,10-03-2014,17:08:32,-22.921101,-43.360394
C30011,10-03-2014,17:10:02,-22.918896,-43.360645
C30011,10-03-2014,17:11:02,-22.918209,-43.360947
C30011,10-03-2014,17:12:02,-22.916124,-43.361046
C30011,10-03-2014,17:13:02,-22.915501,-43.361115
C30011,10-03-2014,17:14:02,-22.915501,-43.361115
C30011,10-03-2014,17:15:02,-22.915867,-43.361378
C30011,10-03-2014,17:16:02,-22.915867,-43.361378
C30011,10-03-2014,17:17:02,-22.915867,-43.361378
C30011,10-03-2014,17:18:02,-22.915867,-43.361378
C30011,10-03-2014,17:19:02,-22.915867,-43.361378
C30011,10-03-2014,17:20:02,-22.915867,-43.361378
C30011,10-03-2014,17:21:02,-22.916058,-43.361477
C30011,10-03-2014,17:22:02,-22.916058,-43.361477
C30011,10-03-2014,17:23:02,-22.916058,-43.361477
C30011,10-03-2014,17:24:02,-22.916058,-43.361477
C30011,10-03-2014,17:25:02,-22.916058,-43.361477
C30011,10-03-2014,17:26:02,-22.91522,-43.360699
C30011,10-03-2014,17:27:02,-22.916069,-43.36203
C30011,10-03-2014,17:28:02,-22.916069,-43.36203
C30011,10-03-2014,17:29:02,-22.917381,-43.361305
C30011,10-03-2014,17:30:02,-22.918602,-43.360798
C30011,10-03-2014,17:30:32,-22.919292,-43.360508
C30011,10-03-2014,17:32:02,-22.921703,-43.360573
C30011,10-03-2014,17:33:02,-22.923964,-43.361488
C30011,10-03-2014,17:34:02,-22.924788,-43.360958
C30011,10-03-2014,17:34:52,-22.924973,-43.360474
C30011,10-03-2014,17:35:32,-22.925024,-43.360092
C30011,10-03-2014,17:36:52,-22.927225,-43.360062
C30011,10-03-2014,17:38:02,-22.927471,-43.359539
C30011,10-03-2014,17:39:02,-22.927866,-43.358524
C30011,10-03-2014,17:39:42,-22.928116,-43.357918
C30011,10-03-2014,17:41:02,-22.928446,-43.356915
C30011,10-03-2014,17:42:02,-22.928658,-43.35627
C30011,10-03-2014,17:43:02,-22.928658,-43.356266
C30011,10-03-2014,17:43:32,-22.928818,-43.35574
C30011,10-03-2014,17:45:02,-22.929529,-43.353775
C30011,10-03-2014,17:46:02,-22.933916,-43.352512
C30011,10-03-2014,17:47:02,-22.936075,-43.352066
C30011,10-03-2014,17:48:02,-22.937084,-43.351006
C30011,10-03-2014,17:49:02,-22.93848,-43.34993
C30011,10-03-2014,17:50:02,-22.938524,-43.348392
C30011,10-03-2014,17:51:02,-22.939356,-43.344193
C30011,10-03-2014,17:52:02,-22.939734,-43.343895
C30011,10-03-2014,17:53:02,-22.940868,-43.344852
C30011,10-03-2014,17:54:02,-22.944988,-43.346466
C30011,10-03-2014,17:55:02,-22.946465,-43.347042
C30011,10-03-2014,17:56:02,-22.950785,-43.348877
C30011,10-03-2014,17:57:02,-22.952703,-43.352184
C30011,10-03-2014,17:57:32,-22.952675,-43.353893
C30011,10-03-2014,17:59:02,-22.953568,-43.356361
C30011,10-03-2014,17:59:22,-22.954273,-43.357357
C30011,10-03-2014,18:04:02,-22.982212,-43.366074
C30011,10-03-2014,18:05:01,-22.985529,-43.366096
C30011,10-03-2014,18:06:02,-22.992828,-43.366238
C30011,10-03-2014,18:07:02,-22.995213,-43.366177
C30011,10-03-2014,18:08:02,-23.000311,-43.369129
C30011,10-03-2014,18:10:02,-23.0016,-43.364208
C30011,10-03-2014,18:11:02,-23.001337,-43.36499
C30011,10-03-2014,18:12:02,-23.001362,-43.365284
C30011,10-03-2014,18:13:02,-23.001362,-43.365284
C30011,10-03-2014,18:14:02,-23.001362,-43.365284
C30011,10-03-2014,18:15:02,-23.001389,-43.365639
C30011,10-03-2014,18:15:32,-23.001369,-43.366638
C30011,10-03-2014,18:17:02,-23.000597,-43.36306
C30011,10-03-2014,18:18:02,-22.996744,-43.365604
C30011,10-03-2014,18:19:02,-22.993746,-43.365463
C30011,10-03-2014,18:20:02,-22.993132,-43.365486
C30011,10-03-2014,18:21:02,-22.991774,-43.365421
C30011,10-03-2014,18:22:02,-22.986586,-43.365395
C30011,10-03-2014,18:23:02,-22.984657,-43.365211
C30011,10-03-2014,18:24:02,-22.984657,-43.365211
C30011,10-03-2014,18:25:02,-22.984657,-43.365211
C30011,10-03-2014,18:26:02,-22.984657,-43.365211
C30011,10-03-2014,18:27:02,-22.984276,-43.365265
C30011,10-03-2014,18:28:02,-22.984167,-43.365273
C30011,10-03-2014,18:28:52,-22.983074,-43.365292
C30011,10-03-2014,18:31:02,-22.974808,-43.36314
C30011,10-03-2014,18:32:02,-22.970865,-43.360332
C30011,10-03-2014,18:32:22,-22.970526,-43.360046
C30011,10-03-2014,18:37:12,-22.954229,-43.354733
C30011,10-03-2014,18:38:12,-22.953585,-43.35495
C30011,10-03-2014,18:39:02,-22.953096,-43.35474
C30011,10-03-2014,18:40:02,-22.952765,-43.353531
C30011,10-03-2014,18:41:02,-22.952782,-43.352657
C30011,10-03-2014,18:42:02,-22.95269,-43.351688
C30011,10-03-2014,18:43:02,-22.951986,-43.350574
C30011,10-03-2014,18:44:01,-22.95186,-43.350067
C30011,10-03-2014,18:45:01,-22.951742,-43.349689
C30011,10-03-2014,18:46:01,-22.950148,-43.348534
C30011,10-03-2014,18:46:32,-22.95005,-43.348495
C30011,10-03-2014,18:48:02,-22.948763,-43.348186
C30011,10-03-2014,18:48:21,-22.948763,-43.348186
C30011,10-03-2014,18:50:01,-22.946777,-43.347218
C30011,10-03-2014,18:51:01,-22.946501,-43.346916
C30011,10-03-2014,18:52:02,-22.94503,-43.346325
C30011,10-03-2014,18:53:01,-22.943262,-43.345657
C30011,10-03-2014,18:54:02,-22.942083,-43.34481
C30011,10-03-2014,18:55:02,-22.941847,-43.344643
C30011,10-03-2014,18:56:02,-22.940805,-43.343674
C30011,10-03-2014,18:57:02,-22.939976,-43.343662
C30011,10-03-2014,18:58:01,-22.938744,-43.345306
C30011,10-03-2014,18:58:32,-22.938669,-43.345932
C30011,10-03-2014,19:00:01,-22.938557,-43.346874
C30011,10-03-2014,19:01:11,-22.938572,-43.347393
C30011,10-03-2014,19:02:11,-22.937527,-43.350449
C30011,10-03-2014,19:03:12,-22.936392,-43.35173
C30011,10-03-2014,19:04:12,-22.933743,-43.352493
C30011,10-03-2014,19:05:12,-22.933292,-43.352661
C30011,10-03-2014,19:06:02,-22.929762,-43.353653
C30011,10-03-2014,19:07:02,-22.929317,-43.353851
C30011,10-03-2014,19:07:22,-22.928856,-43.354382
C30011,10-03-2014,19:09:12,-22.925629,-43.357342
C30011,10-03-2014,19:09:52,-22.92515,-43.358047
C30011,10-03-2014,19:11:12,-22.924828,-43.358742
C30011,10-03-2014,19:13:12,-22.924997,-43.360233
C30011,10-03-2014,19:13:22,-22.924944,-43.360535
C30011,10-03-2014,19:15:01,-22.92363,-43.36134
C30011,10-03-2014,19:16:11,-22.921783,-43.360592
C30011,10-03-2014,19:18:11,-22.920168,-43.360214
C30011,10-03-2014,19:18:31,-22.91971,-43.360329
C30011,10-03-2014,19:20:11,-22.917288,-43.361324
C30011,10-03-2014,19:21:11,-22.915617,-43.361107
C30011,10-03-2014,19:22:11,-22.915974,-43.361347
C30011,10-03-2014,19:23:11,-22.915974,-43.361347
C30011,10-03-2014,19:24:11,-22.915974,-43.361347
C30011,10-03-2014,19:25:11,-22.915974,-43.361347
C30011,10-03-2014,19:26:11,-22.915974,-43.361347
C30011,10-03-2014,19:27:11,-22.915974,-43.361347
C30011,10-03-2014,19:28:11,-22.915974,-43.361347
C30011,10-03-2014,19:29:11,-22.915974,-43.361347
C30011,10-03-2014,19:30:11,-22.91605,-43.36142
C30011,10-03-2014,19:31:12,-22.91605,-43.36142
C30011,10-03-2014,19:32:12,-22.91605,-43.36142
C30011,10-03-2014,19:33:02,-22.916338,-43.362148
C30011,10-03-2014,19:34:12,-22.916534,-43.362186
C30011,10-03-2014,19:35:12,-22.918171,-43.360996
C30011,10-03-2014,19:36:12,-22.922125,-43.360722
C30011,10-03-2014,19:37:12,-22.925144,-43.359524
C30011,10-03-2014,19:38:02,-22.92742,-43.360004
C30011,10-03-2014,19:41:02,-22.932791,-43.352882
C30011,10-03-2014,19:42:02,-22.934074,-43.352501
C30011,10-03-2014,19:43:02,-22.934811,-43.352486
C30011,10-03-2014,19:44:02,-22.93578,-43.352249
C30011,10-03-2014,19:45:02,-22.937609,-43.350391
C30011,10-03-2014,19:46:02,-22.938612,-43.347023
C30011,10-03-2014,19:47:02,-22.939754,-43.343853
C30011,10-03-2014,19:48:02,-22.939754,-43.343853
C30011,10-03-2014,19:49:02,-22.940876,-43.344421
C30011,10-03-2014,19:50:02,-22.943781,-43.346004
C30011,10-03-2014,19:51:02,-22.947998,-43.347992
C30011,10-03-2014,19:52:02,-22.951437,-43.349327
C30011,10-03-2014,19:53:02,-22.952682,-43.35392
C30011,10-03-2014,19:54:02,-22.95363,-43.357082
C30011,10-03-2014,19:54:32,-22.954588,-43.357903
C30011,10-03-2014,19:57:51,-22.972363,-43.362728
C30011,10-03-2014,19:59:11,-22.983946,-43.366112
C30011,10-03-2014,20:00:12,-22.991781,-43.366219
C30011,10-03-2014,20:01:02,-22.995354,-43.366215
C30011,10-03-2014,20:02:02,-23.001644,-43.367947
C30011,10-03-2014,20:03:02,-23.00141,-43.364262
C30011,10-03-2014,20:04:02,-23.001379,-43.365036
C30011,10-03-2014,20:05:02,-23.001379,-43.365036
C30011,10-03-2014,20:06:02,-23.001379,-43.365036
C30011,10-03-2014,20:07:02,-23.001341,-43.365669
C30011,10-03-2014,20:08:02,-23.002951,-43.366024
C30011,10-03-2014,20:09:02,-22.998169,-43.36441
C30011,10-03-2014,20:10:02,-22.991346,-43.365456
C30011,10-03-2014,20:12:02,-22.983755,-43.365326
C30011,10-03-2014,20:13:02,-22.980661,-43.365261
C30011,10-03-2014,20:14:02,-22.975815,-43.363594
C30011,10-03-2014,20:16:12,-22.962265,-43.35701
C30011,10-03-2014,20:16:52,-22.961134,-43.35714
C30011,10-03-2014,20:18:13,-22.954849,-43.354538
C30011,10-03-2014,20:19:13,-22.953705,-43.354889
C30011,10-03-2014,20:20:13,-22.953032,-43.354427
C30011,10-03-2014,20:21:13,-22.952822,-43.353775
C30011,10-03-2014,20:25:03,-22.948906,-43.348248
C30011,10-03-2014,20:26:03,-22.943874,-43.345978
C30011,10-03-2014,20:27:12,-22.941044,-43.343876
C30011,10-03-2014,20:28:12,-22.938761,-43.345146
C30011,10-03-2014,20:29:12,-22.938665,-43.346111
C30011,10-03-2014,20:29:32,-22.938665,-43.346111
C30011,10-03-2014,20:31:12,-22.938578,-43.346954
C30011,10-03-2014,20:32:12,-22.938587,-43.347412
C30011,10-03-2014,20:32:52,-22.938562,-43.34824
C30011,10-03-2014,20:34:02,-22.938307,-43.349285
C30011,10-03-2014,20:35:13,-22.937355,-43.350658
C30011,10-03-2014,20:36:12,-22.936768,-43.351299
C30011,10-03-2014,20:37:13,-22.934072,-43.352512
C30011,10-03-2014,20:38:13,-22.930809,-43.353477
C30011,10-03-2014,20:39:03,-22.928619,-43.354668
C30011,10-03-2014,20:40:03,-22.925875,-43.356853
C30011,10-03-2014,20:41:13,-22.924883,-43.359684
C30011,10-03-2014,20:42:12,-22.923075,-43.360973
C30011,10-03-2014,20:43:13,-22.922087,-43.360615
C30011,10-03-2014,20:44:02,-22.920626,-43.36018
C30011,10-03-2014,20:45:02,-22.919765,-43.360367
C30011,10-03-2014,20:46:02,-22.916914,-43.361393
C30011,10-03-2014,20:47:02,-22.915789,-43.36116
C30011,10-03-2014,20:48:02,-22.915224,-43.360699
C30011,10-03-2014,20:49:02,-22.915224,-43.360699
C30011,10-03-2014,20:50:02,-22.916012,-43.361919
C30011,10-03-2014,20:51:02,-22.916533,-43.362213
C30011,10-03-2014,20:52:12,-22.917982,-43.361095
C30011,10-03-2014,20:53:12,-22.923328,-43.36116
C30011,10-03-2014,20:54:12,-22.926783,-43.35994
C30011,10-03-2014,20:55:12,-22.927858,-43.358681
C30011,10-03-2014,20:56:12,-22.92816,-43.357738
C30011,10-03-2014,20:56:32,-22.92816,-43.357738
C30011,10-03-2014,20:58:01,-22.928829,-43.355049
C30011,10-03-2014,20:59:01,-22.929621,-43.353733
C30011,10-03-2014,21:00:05,-22.932917,-43.352837
C30011,10-03-2014,21:00:55,-22.934376,-43.352455
C30011,10-03-2014,21:02:05,-22.935604,-43.352367
C30011,10-03-2014,21:03:05,-22.93837,-43.35014
C30011,10-03-2014,21:04:05,-22.938576,-43.347343
C30011,10-03-2014,21:05:05,-22.938744,-43.345474
C30011,10-03-2014,21:06:15,-22.939003,-43.344532
C30011,10-03-2014,21:07:05,-22.939304,-43.344261
C30011,10-03-2014,21:08:05,-22.939857,-43.343815
C30011,10-03-2014,21:09:05,-22.940723,-43.343845
C30011,10-03-2014,21:10:05,-22.946041,-43.346725
C30011,10-03-2014,21:12:05,-22.950819,-43.348713
C30011,10-03-2014,21:12:55,-22.951105,-43.348427
C30011,10-03-2014,21:15:15,-22.951105,-43.348427
C30011,10-03-2014,21:17:05,-22.951105,-43.348427
C30011,10-03-2014,21:18:05,-22.951105,-43.348427
C30011,10-03-2014,21:19:15,-22.951105,-43.348427
C30011,10-03-2014,21:20:05,-22.951105,-43.348427
C30011,10-03-2014,21:21:05,-22.951105,-43.348427
C30011,10-03-2014,21:22:05,-22.951105,-43.348427
C30011,10-03-2014,21:23:05,-22.951105,-43.348427
C30011,10-03-2014,21:23:35,-22.951105,-43.348427
C30011,10-03-2014,21:25:15,-22.951105,-43.348427
C30011,10-03-2014,21:26:15,-22.951189,-43.348145
C30011,10-03-2014,21:26:55,-22.951189,-43.348145
C30011,10-03-2014,21:28:05,-22.951189,-43.348145
C30011,10-03-2014,21:29:15,-22.951258,-43.347847
C30011,10-03-2014,21:30:15,-22.951601,-43.347763
C30011,10-03-2014,21:31:05,-22.951601,-43.347763
C30011,10-03-2014,21:31:25,-22.951601,-43.347763
C30011,10-03-2014,21:33:05,-22.951941,-43.347984
C30011,10-03-2014,21:34:05,-22.951109,-43.348625
C30011,10-03-2014,21:35:05,-22.951109,-43.348625
C30011,10-03-2014,21:36:05,-22.951113,-43.34864
C30011,10-03-2014,21:37:05,-22.951302,-43.348476
C30011,10-03-2014,21:38:05,-22.951302,-43.348476
C30011,10-03-2014,21:39:05,-22.951302,-43.348476
C30011,10-03-2014,21:40:05,-22.951302,-43.348476
C30011,10-03-2014,21:41:05,-22.951302,-43.348476
C30011,10-03-2014,21:42:05,-22.951302,-43.348476
C30011,10-03-2014,21:43:05,-22.951302,-43.348476
C30011,10-03-2014,21:44:05,-22.951302,-43.348476
C30011,10-03-2014,21:45:05,-22.951302,-43.348476
C30011,10-03-2014,21:46:05,-22.951302,-43.348476
C30011,10-03-2014,21:47:05,-22.951302,-43.348476
C30011,10-03-2014,21:48:15,-22.951302,-43.348476
C30011,10-03-2014,21:49:05,-22.951302,-43.348476
C30011,10-03-2014,21:50:05,-22.951302,-43.348476
C30011,10-03-2014,21:51:05,-22.951302,-43.348476
C30011,10-03-2014,21:52:15,-22.951302,-43.348476
C30011,10-03-2014,21:53:05,-22.951302,-43.348476
C30011,10-03-2014,21:54:05,-22.951302,-43.348476
C30011,10-03-2014,21:55:05,-22.951302,-43.348476
C30011,10-03-2014,21:57:15,-22.951302,-43.348476
C30011,10-03-2014,21:58:05,-22.951302,-43.348476
C30011,10-03-2014,21:59:05,-22.951302,-43.348476
C30011,10-03-2014,22:00:05,-22.951302,-43.348476
C30011,10-03-2014,22:01:15,-22.951302,-43.348476
C30011,10-03-2014,22:02:05,-22.951302,-43.348476
C30011,10-03-2014,22:03:05,-22.951302,-43.348476
